date,station_name,station_id,start_snow_water,start_snow_depth,max_temp_mean,min_temp_mean,start,end,latitude,longitude,elev,county,mon,avg_temp,year,rank
1987-03-15,Beartown,327,27.4,NA,27,11.1,1979-10-01,2018-05-09,37.71,-107.51,11598,Mineral,Mar,12,1987,5645
1988-06-15,Berthoud Summit,335,0,NA,24,34.2,1963-09-01,2018-05-09,39.8,-105.78,11296,Grand,Jun,9.5,1988,5432.5
1997-04-01,Berthoud Summit,335,19.7,NA,32,17.4,1963-09-01,2018-05-09,39.8,-105.78,11296,Grand,Apr,18,1997,5659.5
1997-11-15,Berthoud Summit,335,2.5,NA,12,13.3,1963-09-01,2018-05-09,39.8,-105.78,11296,Grand,Nov,-0.5,1997,5641.5
1997-12-01,Berthoud Summit,335,3.6,NA,9,5.2,1963-09-01,2018-05-09,39.8,-105.78,11296,Grand,Dec,-3,1997,5650
1997-12-15,Berthoud Summit,335,5.1,NA,7,5.2,1963-09-01,2018-05-09,39.8,-105.78,11296,Grand,Dec,-4,1997,5650
1998-01-01,Berthoud Summit,335,7.7,NA,8,7,1963-09-01,2018-05-09,39.8,-105.78,11296,Grand,Jan,-1.5,1998,5639
1998-01-15,Berthoud Summit,335,8.7,NA,6,7,1963-09-01,2018-05-09,39.8,-105.78,11296,Grand,Jan,-3,1998,5648.5
1998-02-01,Berthoud Summit,335,10.7,NA,10,5.6,1963-09-01,2018-05-09,39.8,-105.78,11296,Grand,Feb,0,1998,5652
1997-04-01,Bison Lake,345,32,NA,31,18.1,1985-09-01,2018-05-09,39.76,-107.36,10876,Garfield,Apr,18.5,1997,5649
1987-03-15,Brumley,369,7.3,NA,30,8.6,1979-10-01,2018-05-09,39.09,-106.54,10598,Lake,Mar,13.5,1987,5645
1999-04-01,Brumley,369,6.6,NA,37,18.8,1979-10-01,2018-05-09,39.09,-106.54,10598,Lake,Apr,21.5,1999,5649
2006-03-01,Buckskin Joe,938,9.5,31,123,17.5,1998-08-01,2018-05-09,39.3,-106.11,11149,Park,Mar,58.5,2006,5658.5
2006-04-15,Buckskin Joe,938,12.2,37,116,22.8,1998-08-01,2018-05-09,39.3,-106.11,11149,Park,Apr,58,2006,5665
2006-05-01,Buckskin Joe,938,12.3,NA,130,28.7,1998-08-01,2018-05-09,39.3,-106.11,11149,Park,May,68,2006,5428.5
1995-12-15,Buffalo Park,913,5.9,NA,24,0.1,1995-09-01,2018-05-09,40.23,-106.6,9236,Grand,Dec,6.5,1995,5633.5
1997-04-01,Buffalo Park,913,15.6,NA,37,19.3,1995-09-01,2018-05-09,40.23,-106.6,9236,Grand,Apr,20.5,1997,5659.5
1998-03-01,Buffalo Park,913,10.9,NA,33,8.8,1995-09-01,2018-05-09,40.23,-106.6,9236,Grand,Mar,15,1998,5645
2000-11-15,Buffalo Park,913,1.6,NA,28,9.9,1995-09-01,2018-05-09,40.23,-106.6,9236,Grand,Nov,12.5,2e3,5614.5
2002-02-01,Buffalo Park,913,4.6,NA,27,-0.5,1995-09-01,2018-05-09,40.23,-106.6,9236,Grand,Feb,6,2002,5666
2002-03-01,Buffalo Park,913,6.6,NA,30,8.8,1995-09-01,2018-05-09,40.23,-106.6,9236,Grand,Mar,12.5,2002,5655
2004-02-01,Buffalo Park,913,6.6,30,22,-0.5,1995-09-01,2018-05-09,40.23,-106.6,9236,Grand,Feb,6.5,2004,5646.5
2007-01-15,Buffalo Park,913,6.1,29,29,0.7,1995-09-01,2018-05-09,40.23,-106.6,9236,Grand,Jan,9,2007,5639
2011-02-01,Buffalo Park,913,12.3,48,25,-0.5,1995-09-01,2018-05-09,40.23,-106.6,9236,Grand,Feb,8,2011,5646.5
2013-01-01,Buffalo Park,913,5.2,28,22,0.7,1995-09-01,2018-05-09,40.23,-106.6,9236,Grand,Jan,4.5,2013,5653
1988-07-15,Burro Mountain,378,0,NA,15,45.9,1978-10-01,2018-05-09,39.88,-107.6,9397,Rio Blanco,Jul,3,1988,5431
1988-08-01,Burro Mountain,378,0,NA,-60,45.4,1978-10-01,2018-05-09,39.88,-107.6,9397,Rio Blanco,Aug,-60,1988,5461
1988-08-15,Burro Mountain,378,0,NA,-60,45.4,1978-10-01,2018-05-09,39.88,-107.6,9397,Rio Blanco,Aug,-60,1988,5461
1988-09-01,Burro Mountain,378,0,NA,-60,37.4,1978-10-01,2018-05-09,39.88,-107.6,9397,Rio Blanco,Sep,-60,1988,5490
1988-09-15,Burro Mountain,378,0.2,NA,-60,37.4,1978-10-01,2018-05-09,39.88,-107.6,9397,Rio Blanco,Sep,-60,1988,5490
1988-10-01,Burro Mountain,378,0,NA,-60,30.5,1978-10-01,2018-05-09,39.88,-107.6,9397,Rio Blanco,Oct,-60,1988,5624.5
1993-04-15,Burro Mountain,378,26.4,NA,-16,23.3,1978-10-01,2018-05-09,39.88,-107.6,9397,Rio Blanco,Apr,-25.5,1993,5681
1993-05-15,Burro Mountain,378,18.2,NA,-29,32.4,1978-10-01,2018-05-09,39.88,-107.6,9397,Rio Blanco,May,-34,1993,5446
1988-06-15,Cascade,386,0,NA,76,33.8,1978-10-01,2018-05-09,37.65,-107.81,8879,San Juan,Jun,41,1988,5424
1988-07-15,Cascade,386,0,NA,80,38.2,1978-10-01,2018-05-09,37.65,-107.81,8879,San Juan,Jul,46.5,1988,5415
1988-08-01,Cascade,386,0,NA,77,37.8,1978-10-01,2018-05-09,37.65,-107.81,8879,San Juan,Aug,37.5,1988,5441
1988-09-01,Cascade,386,0,NA,70,30.5,1978-10-01,2018-05-09,37.65,-107.81,8879,San Juan,Sep,36.5,1988,5462
1988-09-15,Cascade,386,0,NA,66,30.5,1978-10-01,2018-05-09,37.65,-107.81,8879,San Juan,Sep,28.5,1988,5471
1994-06-01,Cascade,386,0,NA,72,33.8,1978-10-01,2018-05-09,37.65,-107.81,8879,San Juan,Jun,33.5,1994,5432.5
1996-08-01,Cascade,386,0,NA,66,37.8,1978-10-01,2018-05-09,37.65,-107.81,8879,San Juan,Aug,40.5,1996,5427.5
1984-01-01,Columbine,408,19.6,NA,30,10.2,1978-10-01,2018-05-09,40.39,-106.6,9158,Jackson,Jan,3.5,1984,5667
1984-07-15,Columbine,408,0,NA,30,45.4,1978-10-01,2018-05-09,40.39,-106.6,9158,Jackson,Jul,9,1984,5432.5
1984-08-01,Columbine,408,0,NA,60,43.6,1978-10-01,2018-05-09,40.39,-106.6,9158,Jackson,Aug,2.5,1984,5455.5
1984-08-15,Columbine,408,0,NA,57,43.6,1978-10-01,2018-05-09,40.39,-106.6,9158,Jackson,Aug,1,1984,5455.5
1984-09-01,Columbine,408,0,NA,52,36.8,1978-10-01,2018-05-09,40.39,-106.6,9158,Jackson,Sep,-1.5,1984,5483.5
1984-09-15,Columbine,408,0,NA,44,36.8,1978-10-01,2018-05-09,40.39,-106.6,9158,Jackson,Sep,-5.5,1984,5483.5
1984-10-01,Columbine,408,0,NA,36,27.5,1978-10-01,2018-05-09,40.39,-106.6,9158,Jackson,Oct,-9.5,1984,5618.5
1984-10-15,Columbine,408,0.4,NA,30,27.5,1978-10-01,2018-05-09,40.39,-106.6,9158,Jackson,Oct,-12.5,1984,5618.5
1984-11-01,Columbine,408,2.3,NA,31,20.3,1978-10-01,2018-05-09,40.39,-106.6,9158,Jackson,Nov,-12,1984,5656.5
1984-11-15,Columbine,408,6.6,NA,28,20.3,1978-10-01,2018-05-09,40.39,-106.6,9158,Jackson,Nov,-13.5,1984,5656.5
1984-12-01,Columbine,408,9,NA,29,10.8,1978-10-01,2018-05-09,40.39,-106.6,9158,Jackson,Dec,-13,1984,5665.5
1984-12-15,Columbine,408,11.2,NA,30,10.8,1978-10-01,2018-05-09,40.39,-106.6,9158,Jackson,Dec,-12.5,1984,5665.5
1985-01-01,Columbine,408,13.2,NA,29,10.2,1978-10-01,2018-05-09,40.39,-106.6,9158,Jackson,Jan,-13,1985,5676
1985-01-15,Columbine,408,14.7,NA,30,10.2,1978-10-01,2018-05-09,40.39,-106.6,9158,Jackson,Jan,-12.5,1985,5676
1985-02-01,Columbine,408,17.3,NA,28,11.2,1978-10-01,2018-05-09,40.39,-106.6,9158,Jackson,Feb,-13.5,1985,5683
1985-02-15,Columbine,408,18.5,NA,31,11.2,1978-10-01,2018-05-09,40.39,-106.6,9158,Jackson,Feb,-12,1985,5683
1985-03-01,Columbine,408,20.5,NA,32,16,1978-10-01,2018-05-09,40.39,-106.6,9158,Jackson,Mar,-11.5,1985,5682
1985-03-15,Columbine,408,23,NA,31,16,1978-10-01,2018-05-09,40.39,-106.6,9158,Jackson,Mar,13,1985,5655
1989-02-01,Columbine,408,15.2,NA,24,11.2,1978-10-01,2018-05-09,40.39,-106.6,9158,Jackson,Feb,5,1989,5664.5
1989-02-15,Columbine,408,17.6,NA,28,11.2,1978-10-01,2018-05-09,40.39,-106.6,9158,Jackson,Feb,9.5,1989,5646.5
1992-09-01,Columbine,408,0,NA,35,36.8,1978-10-01,2018-05-09,40.39,-106.6,9158,Jackson,Sep,-12.5,1992,5490
1992-09-15,Columbine,408,0,NA,34,36.8,1978-10-01,2018-05-09,40.39,-106.6,9158,Jackson,Sep,2,1992,5474
1993-09-01,Columbine,408,0,NA,31,36.8,1978-10-01,2018-05-09,40.39,-106.6,9158,Jackson,Sep,-0.5,1993,5476.5
1993-09-15,Columbine,408,0,NA,30,36.8,1978-10-01,2018-05-09,40.39,-106.6,9158,Jackson,Sep,-1,1993,5476.5
1993-10-01,Columbine,408,0,NA,29,27.5,1978-10-01,2018-05-09,40.39,-106.6,9158,Jackson,Oct,-1,1993,5610
1993-10-15,Columbine,408,0.1,NA,12,27.5,1978-10-01,2018-05-09,40.39,-106.6,9158,Jackson,Oct,-10.5,1993,5611
1993-11-01,Columbine,408,0.4,NA,11,20.3,1978-10-01,2018-05-09,40.39,-106.6,9158,Jackson,Nov,-9.5,1993,5650.5
1993-11-15,Columbine,408,2.6,NA,5,20.3,1978-10-01,2018-05-09,40.39,-106.6,9158,Jackson,Nov,-12.5,1993,5650.5
1993-12-01,Columbine,408,5.3,NA,11,10.8,1978-10-01,2018-05-09,40.39,-106.6,9158,Jackson,Dec,-9.5,1993,5662
1993-12-15,Columbine,408,7.4,NA,1,10.8,1978-10-01,2018-05-09,40.39,-106.6,9158,Jackson,Dec,-14,1993,5661
1994-01-01,Columbine,408,9,NA,8,10.2,1978-10-01,2018-05-09,40.39,-106.6,9158,Jackson,Jan,-10.5,1994,5669.5
1994-01-15,Columbine,408,14.2,NA,5,10.2,1978-10-01,2018-05-09,40.39,-106.6,9158,Jackson,Jan,-12,1994,5669.5
1994-02-01,Columbine,408,15.1,NA,1,11.2,1978-10-01,2018-05-09,40.39,-106.6,9158,Jackson,Feb,-14.5,1994,5674.5
1994-02-15,Columbine,408,17,NA,12,11.2,1978-10-01,2018-05-09,40.39,-106.6,9158,Jackson,Feb,-9,1994,5674.5
1994-03-01,Columbine,408,19.8,NA,16,16,1978-10-01,2018-05-09,40.39,-106.6,9158,Jackson,Mar,-7.5,1994,5676
1994-03-15,Columbine,408,20.2,NA,12,16,1978-10-01,2018-05-09,40.39,-106.6,9158,Jackson,Mar,-9.5,1994,5676
1994-04-01,Columbine,408,19.9,NA,17,21.4,1978-10-01,2018-05-09,40.39,-106.6,9158,Jackson,Apr,-7,1994,5678
1994-04-15,Columbine,408,22.6,NA,26,21.4,1978-10-01,2018-05-09,40.39,-106.6,9158,Jackson,Apr,-3,1994,5679
1994-05-01,Columbine,408,15.9,NA,30,30.8,1978-10-01,2018-05-09,40.39,-106.6,9158,Jackson,May,-1,1994,5444.5
1994-05-15,Columbine,408,0,NA,34,30.8,1978-10-01,2018-05-09,40.39,-106.6,9158,Jackson,May,1,1994,5444.5
1994-06-01,Columbine,408,0,NA,37,38.7,1978-10-01,2018-05-09,40.39,-106.6,9158,Jackson,Jun,2.5,1994,5440
1993-11-15,Copper Mountain,415,3,NA,3,8.8,1978-10-01,2018-05-09,39.49,-106.17,10548,Summit,Nov,-6,1993,5644
1993-12-01,Copper Mountain,415,4.6,NA,5,1.6,1978-10-01,2018-05-09,39.49,-106.17,10548,Summit,Dec,-4.5,1993,5646.5
1993-12-15,Copper Mountain,415,5.5,NA,1,1.6,1978-10-01,2018-05-09,39.49,-106.17,10548,Summit,Dec,-9,1993,5656
1994-01-01,Copper Mountain,415,6.3,NA,1,1.3,1978-10-01,2018-05-09,39.49,-106.17,10548,Summit,Jan,-7,1994,5656.5
1994-01-15,Copper Mountain,415,8.3,NA,12,1.3,1978-10-01,2018-05-09,39.49,-106.17,10548,Summit,Jan,0.5,1994,5639
1997-04-01,Copper Mountain,415,17,NA,37,16.2,1978-10-01,2018-05-09,39.49,-106.17,10548,Summit,Apr,21.5,1997,5649
1988-07-15,Crosho,426,0,NA,82,30,1985-10-01,2018-05-09,40.17,-107.06,9099,Rio Blanco,Jul,11,1988,5445
1988-08-01,Crosho,426,0,NA,82,28.5,1985-10-01,2018-05-09,40.17,-107.06,9099,Rio Blanco,Aug,11,1988,5461
1988-08-15,Crosho,426,0,NA,82,28.5,1985-10-01,2018-05-09,40.17,-107.06,9099,Rio Blanco,Aug,11,1988,5461
1988-09-01,Crosho,426,0,NA,82,27.9,1985-10-01,2018-05-09,40.17,-107.06,9099,Rio Blanco,Sep,11,1988,5490
1988-09-15,Crosho,426,0,NA,82,27.9,1985-10-01,2018-05-09,40.17,-107.06,9099,Rio Blanco,Sep,11,1988,5490
1988-10-01,Crosho,426,0,NA,82,23.3,1985-10-01,2018-05-09,40.17,-107.06,9099,Rio Blanco,Oct,11,1988,5624.5
1990-07-15,Culebra #2,430,0,NA,19,36.4,1978-10-01,2018-05-09,37.21,-105.2,10496,Costilla,Jul,9,1990,5427
1990-08-01,Culebra #2,430,0,NA,-8,37.4,1978-10-01,2018-05-09,37.21,-105.2,10496,Costilla,Aug,-13.5,1990,5448
1990-08-15,Culebra #2,430,0,NA,-31,37.4,1978-10-01,2018-05-09,37.21,-105.2,10496,Costilla,Aug,-36,1990,5453
1993-04-15,Culebra #2,430,20.7,NA,19,16.7,1978-10-01,2018-05-09,37.21,-105.2,10496,Costilla,Apr,5.5,1993,5670.5
1993-05-01,Culebra #2,430,15.8,NA,-55,25.8,1978-10-01,2018-05-09,37.21,-105.2,10496,Costilla,May,-56,1993,5448.5
1993-05-15,Culebra #2,430,10.1,NA,-47,25.8,1978-10-01,2018-05-09,37.21,-105.2,10496,Costilla,May,-52,1993,5448.5
1993-06-01,Culebra #2,430,0,NA,29,31.9,1978-10-01,2018-05-09,37.21,-105.2,10496,Costilla,Jun,-2.5,1993,5441
1993-06-15,Culebra #2,430,0,NA,16,31.9,1978-10-01,2018-05-09,37.21,-105.2,10496,Costilla,Jun,-3.5,1993,5438.5
1990-09-01,Cumbres Trestle,431,0,NA,-51,30.4,1979-10-01,2018-05-09,37.02,-106.45,10037,Conejos,Sep,-55.5,1990,5490
1991-08-01,Cumbres Trestle,431,0,NA,-27,37.2,1979-10-01,2018-05-09,37.02,-106.45,10037,Conejos,Aug,-33,1991,5452
1991-08-15,Cumbres Trestle,431,0,NA,-17,37.2,1979-10-01,2018-05-09,37.02,-106.45,10037,Conejos,Aug,-25.5,1991,5451
1992-06-15,Cumbres Trestle,431,0,NA,-60,30.7,1979-10-01,2018-05-09,37.02,-106.45,10037,Conejos,Jun,-60,1992,5444.5
1992-07-01,Cumbres Trestle,431,0,NA,-60,37.4,1979-10-01,2018-05-09,37.02,-106.45,10037,Conejos,Jul,-60,1992,5445
1992-07-15,Cumbres Trestle,431,0,NA,-60,37.4,1979-10-01,2018-05-09,37.02,-106.45,10037,Conejos,Jul,-60,1992,5445
1992-08-01,Cumbres Trestle,431,0,NA,25,37.2,1979-10-01,2018-05-09,37.02,-106.45,10037,Conejos,Aug,13,1992,5439.5
1993-09-01,Dry Lake,457,0,NA,28,36.1,1979-10-01,2018-05-09,40.53,-106.78,8397,Routt,Sep,17,1993,5455.5
1993-10-15,Dry Lake,457,0,NA,7,28.5,1979-10-01,2018-05-09,40.53,-106.78,8397,Routt,Oct,-0.5,1993,5593.5
1993-11-01,Dry Lake,457,0.4,NA,8,17.1,1979-10-01,2018-05-09,40.53,-106.78,8397,Routt,Nov,0,1993,5631.5
1993-11-15,Dry Lake,457,2,NA,6,17.1,1979-10-01,2018-05-09,40.53,-106.78,8397,Routt,Nov,-3.5,1993,5641.5
1993-12-15,Dry Lake,457,6.5,NA,3,7.4,1979-10-01,2018-05-09,40.53,-106.78,8397,Routt,Dec,-6,1993,5650
1987-03-15,Fremont Pass,485,13.1,NA,18,10.7,1979-10-01,2018-05-09,39.38,-106.2,11398,Summit,Mar,5.5,1987,5660.5
1987-04-01,Fremont Pass,485,14.6,NA,31,16.1,1979-10-01,2018-05-09,39.38,-106.2,11398,Summit,Apr,16.5,1987,5663.5
1987-11-15,Fremont Pass,485,2.6,NA,22,10.9,1979-10-01,2018-05-09,39.38,-106.2,11398,Summit,Nov,9.5,1987,5614.5
1988-03-01,Fremont Pass,485,13.7,NA,19,10.7,1979-10-01,2018-05-09,39.38,-106.2,11398,Summit,Mar,6,1988,5660.5
1988-11-15,Fremont Pass,485,2.7,NA,14,10.9,1979-10-01,2018-05-09,39.38,-106.2,11398,Summit,Nov,4,1988,5625
1990-05-01,Fremont Pass,485,17.5,NA,41,25.7,1979-10-01,2018-05-09,39.38,-106.2,11398,Summit,May,26.5,1990,5418
1997-04-01,Fremont Pass,485,18.6,NA,33,16.1,1979-10-01,2018-05-09,39.38,-106.2,11398,Summit,Apr,18.5,1997,5659.5
2009-08-15,Fremont Pass,485,0,0,72,38.9,1979-10-01,2018-05-09,39.38,-106.2,11398,Summit,Aug,40.5,2009,5434
1985-02-01,Grizzly Peak,505,10.4,NA,17,7,1979-10-01,2018-05-09,39.65,-105.87,11096,Summit,Feb,4,1985,5646.5
1987-10-15,Grizzly Peak,505,0.6,NA,46,22.2,1979-10-01,2018-05-09,39.65,-105.87,11096,Summit,Oct,14.5,1987,5603
1988-09-15,Grizzly Peak,505,0,NA,54,32.1,1979-10-01,2018-05-09,39.65,-105.87,11096,Summit,Sep,23.5,1988,5470
1988-10-01,Grizzly Peak,505,0,NA,39,22.2,1979-10-01,2018-05-09,39.65,-105.87,11096,Summit,Oct,16,1988,5591.5
1988-10-15,Grizzly Peak,505,0,NA,8,22.2,1979-10-01,2018-05-09,39.65,-105.87,11096,Summit,Oct,-6.5,1988,5605
1990-12-01,Grizzly Peak,505,1.8,NA,6,5.8,1979-10-01,2018-05-09,39.65,-105.87,11096,Summit,Dec,-7.5,1990,5658
1990-12-15,Grizzly Peak,505,3.1,NA,2,5.8,1979-10-01,2018-05-09,39.65,-105.87,11096,Summit,Dec,-5.5,1990,5644
2013-05-01,Hayden Pass,1102,9.4,23,45,33.8,2007-08-01,2018-05-09,38.29,-105.85,10716,Saguache,May,28.5,2013,5418
2013-08-15,Hayden Pass,1102,0,0,69,47.8,2007-08-01,2018-05-09,38.29,-105.85,10716,Saguache,Aug,42,2013,5427.5
2014-01-01,Hayden Pass,1102,6.1,25,24,16.6,2007-08-01,2018-05-09,38.29,-105.85,10716,Saguache,Jan,6.5,2014,5639
1986-06-15,Hoosier Pass,531,0,NA,-5,32.9,1979-10-01,2018-05-09,39.36,-106.06,11398,Summit,Jun,-10,1986,5437
1987-11-15,Hoosier Pass,531,2.1,NA,5,10.9,1979-10-01,2018-05-09,39.36,-106.06,11398,Summit,Nov,-3,1987,5638
1997-04-01,Hoosier Pass,531,21.1,NA,33,16.1,1979-10-01,2018-05-09,39.36,-106.06,11398,Summit,Apr,18.5,1997,5659.5
2011-06-01,Hoosier Pass,531,16.4,43,59,32.9,1979-10-01,2018-05-09,39.36,-106.06,11398,Summit,Jun,38.5,2011,5407
2011-06-15,Hoosier Pass,531,1.6,4,61,32.9,1979-10-01,2018-05-09,39.36,-106.06,11398,Summit,Jun,38.5,2011,5409
2009-06-15,Hourglass Lake,1122,0,0,68,40,2008-10-01,2018-05-09,40.58,-105.63,9378,Larimer,Jun,41,2009,5411
2009-07-01,Hourglass Lake,1122,0,0,70,45.2,2008-10-01,2018-05-09,40.58,-105.63,9378,Larimer,Jul,8.5,2009,5439
2009-07-15,Hourglass Lake,1122,0,0,68,45.2,2008-10-01,2018-05-09,40.58,-105.63,9378,Larimer,Jul,5.5,2009,5441
2009-08-01,Hourglass Lake,1122,0,0,60,43,2008-10-01,2018-05-09,40.58,-105.63,9378,Larimer,Aug,-5,2009,5466.5
2009-08-15,Hourglass Lake,1122,0,0,67,43,2008-10-01,2018-05-09,40.58,-105.63,9378,Larimer,Aug,-9.5,2009,5470
2009-09-01,Hourglass Lake,1122,0,0,55,37.4,2008-10-01,2018-05-09,40.58,-105.63,9378,Larimer,Sep,-12.5,2009,5498.5
2009-09-15,Hourglass Lake,1122,0,0,39,37.4,2008-10-01,2018-05-09,40.58,-105.63,9378,Larimer,Sep,-12,2009,5495
2009-10-01,Hourglass Lake,1122,0,0,26,30,2008-10-01,2018-05-09,40.58,-105.63,9378,Larimer,Oct,-15,2009,5620
2009-10-15,Hourglass Lake,1122,0.8,3,40,30,2008-10-01,2018-05-09,40.58,-105.63,9378,Larimer,Oct,15.5,2009,5596.5
2009-11-01,Hourglass Lake,1122,2.3,12,43,21.4,2008-10-01,2018-05-09,40.58,-105.63,9378,Larimer,Nov,11,2009,5647
2009-12-01,Hourglass Lake,1122,2.8,12,7,14.8,2008-10-01,2018-05-09,40.58,-105.63,9378,Larimer,Dec,-9.5,2009,5660
2010-03-15,Hourglass Lake,1122,7,29,41,20.3,2008-10-01,2018-05-09,40.58,-105.63,9378,Larimer,Mar,16,2010,5662.5
2010-04-01,Hourglass Lake,1122,8.6,32,41,24.3,2008-10-01,2018-05-09,40.58,-105.63,9378,Larimer,Apr,-2.5,2010,5684
2010-04-15,Hourglass Lake,1122,8.6,28,45,24.3,2008-10-01,2018-05-09,40.58,-105.63,9378,Larimer,Apr,-0.5,2010,5684
2010-05-01,Hourglass Lake,1122,9.4,25,41,29.8,2008-10-01,2018-05-09,40.58,-105.63,9378,Larimer,May,9,2010,5443
2010-05-15,Hourglass Lake,1122,9.9,26,58,29.8,2008-10-01,2018-05-09,40.58,-105.63,9378,Larimer,May,-4,2010,5457
2010-06-01,Hourglass Lake,1122,0,0,61,40,2008-10-01,2018-05-09,40.58,-105.63,9378,Larimer,Jun,2,2010,5442
2010-06-15,Hourglass Lake,1122,0,0,71,40,2008-10-01,2018-05-09,40.58,-105.63,9378,Larimer,Jun,-7.5,2010,5450
2010-07-01,Hourglass Lake,1122,0,1,67,45.2,2008-10-01,2018-05-09,40.58,-105.63,9378,Larimer,Jul,-1.5,2010,5450
2010-07-15,Hourglass Lake,1122,0,1,71,45.2,2008-10-01,2018-05-09,40.58,-105.63,9378,Larimer,Jul,3,2010,5449
1991-09-01,Idarado,538,0,NA,-23,33.2,1979-10-01,2018-05-09,37.93,-107.68,9797,Ouray,Sep,-30.5,1991,5480
1991-09-15,Idarado,538,0,NA,-55,33.2,1979-10-01,2018-05-09,37.93,-107.68,9797,Ouray,Sep,-56,1991,5485
1991-10-01,Idarado,538,0,NA,8,27.2,1979-10-01,2018-05-09,37.93,-107.68,9797,Ouray,Oct,-0.5,1991,5596.5
1993-10-15,Idarado,538,0.6,NA,15,27.2,1979-10-01,2018-05-09,37.93,-107.68,9797,Ouray,Oct,5,1993,5586
1993-11-01,Idarado,538,0,NA,17,17.1,1979-10-01,2018-05-09,37.93,-107.68,9797,Ouray,Nov,6.5,1993,5620.5
1986-05-01,Independence Pass,542,17.1,NA,32,25.8,1979-10-01,2018-05-09,39.08,-106.61,10598,Pitkin,May,20,1986,5424.5
1987-03-15,Independence Pass,542,12.8,NA,27,8.6,1979-10-01,2018-05-09,39.08,-106.61,10598,Pitkin,Mar,11.5,1987,5650.5
1987-04-01,Independence Pass,542,15.8,NA,38,18.8,1979-10-01,2018-05-09,39.08,-106.61,10598,Pitkin,Apr,22,1987,5649
1987-09-15,Independence Pass,542,0,NA,54,31,1979-10-01,2018-05-09,39.08,-106.61,10598,Pitkin,Sep,25.5,1987,5468
1987-10-01,Independence Pass,542,0,NA,3,22.8,1979-10-01,2018-05-09,39.08,-106.61,10598,Pitkin,Oct,-20,1987,5616
1988-03-01,Independence Pass,542,10.6,NA,30,8.6,1979-10-01,2018-05-09,39.08,-106.61,10598,Pitkin,Mar,13.5,1988,5645
1988-11-15,Independence Pass,542,1.9,NA,23,12.4,1979-10-01,2018-05-09,39.08,-106.61,10598,Pitkin,Nov,10,1988,5614.5
1991-09-01,Independence Pass,542,0,NA,-44,31,1979-10-01,2018-05-09,39.08,-106.61,10598,Pitkin,Sep,-45.5,1991,5482
1991-10-15,Independence Pass,542,0,NA,1,22.8,1979-10-01,2018-05-09,39.08,-106.61,10598,Pitkin,Oct,-7,1991,5602
1991-11-01,Independence Pass,542,1.9,NA,6,12.4,1979-10-01,2018-05-09,39.08,-106.61,10598,Pitkin,Nov,-5.5,1991,5645
2004-02-01,Independence Pass,542,9.1,NA,25,1.6,1979-10-01,2018-05-09,39.08,-106.61,10598,Pitkin,Feb,8.5,2004,5639
2009-03-15,Ivanhoe,547,13.9,52,30,9.8,1991-10-01,2018-05-09,39.29,-106.55,10398,Pitkin,Mar,13,2009,5650.5
2009-04-01,Ivanhoe,547,16.6,62,16,17.2,1991-10-01,2018-05-09,39.29,-106.55,10398,Pitkin,Apr,3.5,2009,5672
2009-04-15,Ivanhoe,547,19.2,58,42,17.2,1991-10-01,2018-05-09,39.29,-106.55,10398,Pitkin,Apr,20,2009,5667
2009-05-01,Ivanhoe,547,18.6,46,42,26,1991-10-01,2018-05-09,39.29,-106.55,10398,Pitkin,May,24.5,2009,5427
2008-01-15,Jackwhacker Gulch,935,6.3,27,22,13.2,1998-08-01,2018-05-09,39.57,-105.8,10958,Clear Creek,Jan,2,2008,5663.5
2008-02-15,Jackwhacker Gulch,935,9.6,42,34,9.4,1998-08-01,2018-05-09,39.57,-105.8,10958,Clear Creek,Feb,8.5,2008,5668
2008-03-01,Jackwhacker Gulch,935,10.6,41,32,15,1998-08-01,2018-05-09,39.57,-105.8,10958,Clear Creek,Mar,10,2008,5665.5
2008-03-15,Jackwhacker Gulch,935,11.7,NA,36,15,1998-08-01,2018-05-09,39.57,-105.8,10958,Clear Creek,Mar,2,2008,5678
2008-05-15,Jackwhacker Gulch,935,12.7,35,-42,29.7,1998-08-01,2018-05-09,39.57,-105.8,10958,Clear Creek,May,-60.5,2008,5459
2008-06-01,Jackwhacker Gulch,935,4.9,13,-45,36,1998-08-01,2018-05-09,39.57,-105.8,10958,Clear Creek,Jun,-63.5,2008,5449
2008-06-15,Jackwhacker Gulch,935,0,0,-24,36,1998-08-01,2018-05-09,39.57,-105.8,10958,Clear Creek,Jun,-52,2008,5448
2008-07-01,Jackwhacker Gulch,935,0,0,11,41.9,1998-08-01,2018-05-09,39.57,-105.8,10958,Clear Creek,Jul,-31.5,2008,5452
2008-07-15,Jackwhacker Gulch,935,0,0,58,41.9,1998-08-01,2018-05-09,39.57,-105.8,10958,Clear Creek,Jul,-1.5,2008,5448
2008-08-01,Jackwhacker Gulch,935,0,0,-16,40.3,1998-08-01,2018-05-09,39.57,-105.8,10958,Clear Creek,Aug,-45,2008,5469
2008-08-15,Jackwhacker Gulch,935,0,NA,25,40.3,1998-08-01,2018-05-09,39.57,-105.8,10958,Clear Creek,Aug,-23.5,2008,5468
2008-09-01,Jackwhacker Gulch,935,0,1,-39,34.6,1998-08-01,2018-05-09,39.57,-105.8,10958,Clear Creek,Sep,-59,2008,5497
2008-09-15,Jackwhacker Gulch,935,0,1,-43,34.6,1998-08-01,2018-05-09,39.57,-105.8,10958,Clear Creek,Sep,-61.5,2008,5498.5
2008-10-01,Jackwhacker Gulch,935,0,1,-57,28,1998-08-01,2018-05-09,39.57,-105.8,10958,Clear Creek,Oct,-68.5,2008,5629
2009-05-15,Jackwhacker Gulch,935,5.9,NA,18,29.7,1998-08-01,2018-05-09,39.57,-105.8,10958,Clear Creek,May,-26.5,2009,5458
2009-06-15,Jackwhacker Gulch,935,0,1,34,36,1998-08-01,2018-05-09,39.57,-105.8,10958,Clear Creek,Jun,-16,2009,5447
2009-07-01,Jackwhacker Gulch,935,0,1,0,41.9,1998-08-01,2018-05-09,39.57,-105.8,10958,Clear Creek,Jul,-36.5,2009,5451
1989-07-15,Joe Wright,551,0,NA,204,36.4,1978-10-01,2018-05-09,40.53,-105.89,10119,Larimer,Jul,95.5,1989,5434
2002-02-01,Kiln,556,5.4,NA,32,3.6,1979-10-01,2018-05-09,39.32,-106.61,9597,Pitkin,Feb,11.5,2002,5646.5
1997-04-01,Lake Irene,565,28.9,NA,31,17.9,1978-10-01,2018-05-09,40.41,-105.82,10696,Grand,Apr,18.5,1997,5649
2002-02-01,Lake Irene,565,10.4,42,30,5.7,1978-10-01,2018-05-09,40.41,-105.82,10696,Grand,Feb,11,2002,5639
1989-08-15,Lily Pond,580,0,NA,58,43.1,1979-10-01,2018-05-09,37.38,-106.55,10998,Conejos,Aug,34,1989,5431
1988-03-01,Lizard Head Pass,586,8.7,NA,27,14.5,1979-10-01,2018-05-09,37.8,-107.92,10198,Dolores,Mar,12,1988,5645
1988-11-15,Lizard Head Pass,586,1.6,NA,24,17.4,1979-10-01,2018-05-09,37.8,-107.92,10198,Dolores,Nov,10.5,1988,5614.5
1989-01-15,Lizard Head Pass,586,8.7,NA,-12,10.2,1979-10-01,2018-05-09,37.8,-107.92,10198,Dolores,Jan,-31,1989,5674
1991-04-01,Lizard Head Pass,586,18.3,NA,36,22.2,1979-10-01,2018-05-09,37.8,-107.92,10198,Dolores,Apr,20,1991,5659.5
1991-06-01,Lizard Head Pass,586,0,NA,48,37.2,1979-10-01,2018-05-09,37.8,-107.92,10198,Dolores,Jun,33,1991,5407
2005-11-15,Lone Cone,589,0.7,4,40,9.7,1979-10-01,2018-05-09,37.89,-108.2,9597,San Miguel,Nov,16.5,2005,5628
2011-02-01,Long Draw Resv,1123,12.8,50,20,10.5,2008-10-01,2018-05-09,40.51,-105.77,9978,Larimer,Feb,4,2011,5659
1998-10-01,Lost Dog,940,0,0,-60,34.1,1998-08-01,2018-05-09,40.82,-106.75,9318,Routt,Oct,-60,1998,5624.5
1998-10-15,Lost Dog,940,0.2,0,-41,34.1,1998-08-01,2018-05-09,40.82,-106.75,9318,Routt,Oct,-42.5,1998,5617
1997-04-01,Loveland Basin,602,22.6,NA,35,16.1,1991-10-01,2018-05-09,39.67,-105.9,11398,Clear Creek,Apr,19.5,1997,5659.5
1990-12-15,Lynx Pass,607,3.2,NA,18,0.2,1979-10-01,2018-05-09,40.08,-106.67,8879,Routt,Dec,3,1990,5640.5
2002-02-01,Lynx Pass,607,4.6,NA,29,3,1979-10-01,2018-05-09,40.08,-106.67,8879,Routt,Feb,10,2002,5646.5
2013-01-01,Lynx Pass,607,3.8,21,22,-0.7,1979-10-01,2018-05-09,40.08,-106.67,8879,Routt,Jan,5.5,2013,5639
1994-10-15,Mancos,905,0.8,NA,48,28.6,1994-08-01,2018-05-09,37.43,-108.17,9997,Montezuma,Oct,4,1994,5615
2003-03-15,Mccoy Park,1040,11.3,27,36,21.7,2002-10-01,2018-05-09,39.6,-106.54,9479,Eagle,Mar,7,2003,5671.5
2003-10-01,Mccoy Park,1040,0,0,46,33.5,2002-10-01,2018-05-09,39.6,-106.54,9479,Eagle,Oct,10.5,2003,5606
2003-10-15,Mccoy Park,1040,0,1,51,33.5,2002-10-01,2018-05-09,39.6,-106.54,9479,Eagle,Oct,18.5,2003,5601
2003-11-15,Mccoy Park,1040,1.8,10,25,23.7,2002-10-01,2018-05-09,39.6,-106.54,9479,Eagle,Nov,-3.5,2003,5652
2003-12-01,Mccoy Park,1040,3,14,-23,14.5,2002-10-01,2018-05-09,39.6,-106.54,9479,Eagle,Dec,-50,2003,5669
1999-10-01,Michigan Creek,937,0,NA,9,22.8,1998-08-01,2018-05-09,39.44,-105.91,10598,Park,Oct,1,1999,5591.5
2011-11-15,Michigan Creek,937,1.8,9,131,12.4,1998-08-01,2018-05-09,39.44,-105.91,10598,Park,Nov,60.5,2011,5635.5
2011-12-01,Michigan Creek,937,2.2,11,136,1.3,1998-08-01,2018-05-09,39.44,-105.91,10598,Park,Dec,55.5,2011,5659
2011-12-15,Michigan Creek,937,2.6,14,138,1.3,1998-08-01,2018-05-09,39.44,-105.91,10598,Park,Dec,59.5,2011,5656
2012-01-15,Michigan Creek,937,3.1,16,114,5.8,1998-08-01,2018-05-09,39.44,-105.91,10598,Park,Jan,51,2012,5648.5
2012-02-01,Michigan Creek,937,4.4,23,86,1.6,1998-08-01,2018-05-09,39.44,-105.91,10598,Park,Feb,36.5,2012,5662
2012-03-01,Michigan Creek,937,6.9,36,92,8.6,1998-08-01,2018-05-09,39.44,-105.91,10598,Park,Mar,39,2012,5669.5
1984-04-01,Middle Creek,624,17.6,NA,44,12.3,1979-10-01,2018-05-09,37.62,-107.03,11247,Mineral,Apr,24.5,1984,5655
1988-03-01,Middle Creek,624,11.4,NA,38,7.4,1979-10-01,2018-05-09,37.62,-107.03,11247,Mineral,Mar,17.5,1988,5645
1992-11-15,Middle Creek,624,2.6,NA,30,8.4,1979-10-01,2018-05-09,37.62,-107.03,11247,Mineral,Nov,11,1992,5631.5
1997-04-01,Middle Creek,624,25.1,NA,36,12.3,1979-10-01,2018-05-09,37.62,-107.03,11247,Mineral,Apr,20.5,1997,5655
2004-02-01,Middle Fork Camp,1014,5.8,30,28,5.8,2001-09-01,2018-05-09,39.8,-106.03,8938,Grand,Feb,10,2004,5639
2011-02-01,Middle Fork Camp,1014,8.3,36,28,5.8,2001-09-01,2018-05-09,39.8,-106.03,8938,Grand,Feb,8.5,2011,5655.5
2013-01-01,Middle Fork Camp,1014,3.1,19,26,2.6,2001-09-01,2018-05-09,39.8,-106.03,8938,Grand,Jan,7.5,2013,5639
1986-06-01,Mineral Creek,629,0,NA,25,30.7,1978-10-01,2018-05-09,37.85,-107.73,10037,San Juan,Jun,15,1986,5425.5
1988-05-01,Mineral Creek,629,5.2,NA,-60,26.3,1978-10-01,2018-05-09,37.85,-107.73,10037,San Juan,May,-60,1988,5453
1989-06-01,Nast Lake,658,0,NA,67,39.3,1985-10-01,2018-05-09,39.3,-106.61,8699,Pitkin,Jun,40,1989,5414.5
1991-01-15,Nast Lake,658,5.1,NA,32,6.5,1985-10-01,2018-05-09,39.3,-106.61,8699,Pitkin,Jan,10.5,1991,5639
2002-02-01,Nast Lake,658,4.5,NA,41,10.1,1985-10-01,2018-05-09,39.3,-106.61,8699,Pitkin,Feb,16.5,2002,5639
2004-01-01,Nast Lake,658,3.5,17,37,6.5,1985-10-01,2018-05-09,39.3,-106.61,8699,Pitkin,Jan,11.5,2004,5654.5
2004-02-01,Nast Lake,658,5.8,24,32,10.1,1985-10-01,2018-05-09,39.3,-106.61,8699,Pitkin,Feb,9.5,2004,5662
2004-03-01,Nast Lake,658,6.3,25,51,14.1,1985-10-01,2018-05-09,39.3,-106.61,8699,Pitkin,Mar,23.5,2004,5650.5
1988-03-01,Park Cone,680,5.9,NA,40,8,1979-10-01,2018-05-09,38.82,-106.59,9597,Gunnison,Mar,17.5,1988,5655
1990-12-15,Park Cone,680,3,NA,21,0.5,1979-10-01,2018-05-09,38.82,-106.59,9597,Gunnison,Dec,3,1990,5650
1991-01-15,Park Cone,680,4.7,NA,30,1.4,1979-10-01,2018-05-09,38.82,-106.59,9597,Gunnison,Jan,6,1991,5663.5
1992-11-15,Park Cone,680,1.2,NA,31,9.7,1979-10-01,2018-05-09,38.82,-106.59,9597,Gunnison,Nov,13,1992,5623
1993-11-15,Park Cone,680,1.4,NA,34,9.7,1979-10-01,2018-05-09,38.82,-106.59,9597,Gunnison,Nov,15.5,1993,5614.5
1993-12-15,Park Cone,680,2.2,NA,26,0.5,1979-10-01,2018-05-09,38.82,-106.59,9597,Gunnison,Dec,6.5,1993,5644
1994-01-01,Park Cone,680,2.7,NA,31,1.4,1979-10-01,2018-05-09,38.82,-106.59,9597,Gunnison,Jan,9.5,1994,5648.5
1994-02-01,Park Cone,680,3.5,NA,31,3.6,1979-10-01,2018-05-09,38.82,-106.59,9597,Gunnison,Feb,10,1994,5655.5
1995-12-15,Park Cone,680,2.5,NA,28,0.5,1979-10-01,2018-05-09,38.82,-106.59,9597,Gunnison,Dec,8.5,1995,5633.5
1997-02-01,Park Cone,680,13.6,NA,36,3.6,1979-10-01,2018-05-09,38.82,-106.59,9597,Gunnison,Feb,14,1997,5639
2000-11-15,Park Cone,680,0,NA,34,9.7,1979-10-01,2018-05-09,38.82,-106.59,9597,Gunnison,Nov,15.5,2e3,5614.5
2001-01-01,Park Cone,680,1.9,NA,30,1.4,1979-10-01,2018-05-09,38.82,-106.59,9597,Gunnison,Jan,9.5,2001,5639
2002-02-01,Park Cone,680,3.3,NA,34,3.6,1979-10-01,2018-05-09,38.82,-106.59,9597,Gunnison,Feb,10,2002,5664.5
2002-11-15,Park Cone,680,2.7,NA,36,9.7,1979-10-01,2018-05-09,38.82,-106.59,9597,Gunnison,Nov,16.5,2002,5614.5
2002-12-15,Park Cone,680,3.2,NA,23,0.5,1979-10-01,2018-05-09,38.82,-106.59,9597,Gunnison,Dec,5.5,2002,5640.5
2004-02-01,Park Cone,680,6.9,33,26,3.6,1979-10-01,2018-05-09,38.82,-106.59,9597,Gunnison,Feb,7,2004,5659
2007-01-15,Park Cone,680,4.6,25,32,1.4,1979-10-01,2018-05-09,38.82,-106.59,9597,Gunnison,Jan,10.5,2007,5639
2010-02-01,Park Cone,680,5.6,28,31,3.6,1979-10-01,2018-05-09,38.82,-106.59,9597,Gunnison,Feb,11.5,2010,5639
2013-01-01,Park Cone,680,2.8,19,22,1.4,1979-10-01,2018-05-09,38.82,-106.59,9597,Gunnison,Jan,2.5,2013,5661
2013-02-15,Park Cone,680,4.9,27,30,3.6,1979-10-01,2018-05-09,38.82,-106.59,9597,Gunnison,Feb,10,2013,5652
1987-03-15,Park Reservoir,682,29,NA,24,14.6,1978-10-01,2018-05-09,39.05,-107.87,9958,Delta,Mar,9,1987,5658.5
1987-11-15,Park Reservoir,682,3.2,NA,26,16.8,1978-10-01,2018-05-09,39.05,-107.87,9958,Delta,Nov,9.5,1987,5628
1988-03-01,Park Reservoir,682,19.6,NA,27,14.6,1978-10-01,2018-05-09,39.05,-107.87,9958,Delta,Mar,11,1988,5655
1988-07-15,Park Reservoir,682,0,NA,28,45.1,1978-10-01,2018-05-09,39.05,-107.87,9958,Delta,Jul,17.5,1988,5424
1988-08-01,Park Reservoir,682,0,NA,-10,43,1978-10-01,2018-05-09,39.05,-107.87,9958,Delta,Aug,-16,1988,5449
1988-08-15,Park Reservoir,682,0,NA,11,43,1978-10-01,2018-05-09,39.05,-107.87,9958,Delta,Aug,2.5,1988,5443.5
1988-09-01,Park Reservoir,682,0,NA,26,35.3,1978-10-01,2018-05-09,39.05,-107.87,9958,Delta,Sep,16,1988,5455.5
1988-09-15,Park Reservoir,682,0.7,NA,29,35.3,1978-10-01,2018-05-09,39.05,-107.87,9958,Delta,Sep,17,1988,5457.5
1988-10-01,Park Reservoir,682,0,NA,-8,30.5,1978-10-01,2018-05-09,39.05,-107.87,9958,Delta,Oct,-14,1988,5604
1988-11-01,Park Reservoir,682,0,NA,5,16.8,1978-10-01,2018-05-09,39.05,-107.87,9958,Delta,Nov,-1.5,1988,5631.5
1988-11-15,Park Reservoir,682,3.5,NA,8,16.8,1978-10-01,2018-05-09,39.05,-107.87,9958,Delta,Nov,-1.5,1988,5638
1988-12-01,Park Reservoir,682,5.2,NA,12,6.7,1978-10-01,2018-05-09,39.05,-107.87,9958,Delta,Dec,0,1988,5640.5
1988-12-15,Park Reservoir,682,5.3,NA,9,6.7,1978-10-01,2018-05-09,39.05,-107.87,9958,Delta,Dec,-1,1988,5633.5
1989-01-01,Park Reservoir,682,9.8,NA,15,7.5,1978-10-01,2018-05-09,39.05,-107.87,9958,Delta,Jan,1.5,1989,5648.5
1989-05-01,Park Reservoir,682,23.6,NA,33,28.8,1978-10-01,2018-05-09,39.05,-107.87,9958,Delta,May,18,1989,5432.5
1989-05-15,Park Reservoir,682,17.6,NA,36,28.8,1978-10-01,2018-05-09,39.05,-107.87,9958,Delta,May,20,1989,5431
1989-06-01,Park Reservoir,682,0.9,NA,45,39.2,1978-10-01,2018-05-09,39.05,-107.87,9958,Delta,Jun,24,1989,5427.5
1989-08-01,Park Reservoir,682,0,NA,20,43,1978-10-01,2018-05-09,39.05,-107.87,9958,Delta,Aug,10.5,1989,5439.5
1989-08-15,Park Reservoir,682,0,NA,17,43,1978-10-01,2018-05-09,39.05,-107.87,9958,Delta,Aug,6,1989,5442
1989-09-15,Park Reservoir,682,0,NA,34,35.3,1978-10-01,2018-05-09,39.05,-107.87,9958,Delta,Sep,18.5,1989,5462
1989-10-15,Park Reservoir,682,0.4,NA,12,30.5,1978-10-01,2018-05-09,39.05,-107.87,9958,Delta,Oct,1.5,1989,5596.5
1990-01-15,Park Reservoir,682,8.5,NA,15,7.5,1978-10-01,2018-05-09,39.05,-107.87,9958,Delta,Jan,2,1990,5639
1990-05-15,Park Reservoir,682,19.4,NA,38,28.8,1978-10-01,2018-05-09,39.05,-107.87,9958,Delta,May,23.5,1990,5421.5
1990-06-01,Park Reservoir,682,8,NA,34,39.2,1978-10-01,2018-05-09,39.05,-107.87,9958,Delta,Jun,22,1990,5417
1990-07-15,Park Reservoir,682,0,NA,37,45.1,1978-10-01,2018-05-09,39.05,-107.87,9958,Delta,Jul,25,1990,5415
1990-12-15,Park Reservoir,682,7.2,NA,15,6.7,1978-10-01,2018-05-09,39.05,-107.87,9958,Delta,Dec,1.5,1990,5640.5
1993-09-15,Park Reservoir,682,0,NA,103,35.3,1978-10-01,2018-05-09,39.05,-107.87,9958,Delta,Sep,50,1993,5468
2008-01-15,Park Reservoir,682,16.8,NA,13,7.5,1978-10-01,2018-05-09,39.05,-107.87,9958,Delta,Jan,0.5,2008,5648.5
1987-10-15,Porphyry Creek,701,0,NA,-29,23.5,1978-10-01,2018-05-09,38.49,-106.34,10758,Gunnison,Oct,-31.5,1987,5612
1988-03-01,Porphyry Creek,701,13.7,NA,43,9.2,1978-10-01,2018-05-09,38.49,-106.34,10758,Gunnison,Mar,19.5,1988,5650.5
1989-06-01,Porphyry Creek,701,0,NA,41,33.4,1978-10-01,2018-05-09,38.49,-106.34,10758,Gunnison,Jun,20.5,1989,5430
1989-08-01,Porphyry Creek,701,0,NA,-49,37.6,1978-10-01,2018-05-09,38.49,-106.34,10758,Gunnison,Aug,-54.5,1989,5461
1989-08-15,Porphyry Creek,701,0.1,NA,-6,37.6,1978-10-01,2018-05-09,38.49,-106.34,10758,Gunnison,Aug,-24.5,1989,5454
1991-12-01,Rabbit Ears,709,8.5,NA,34,9.6,1985-10-01,2018-05-09,40.37,-106.74,9397,Routt,Dec,8,1991,5653.5
1992-01-01,Rabbit Ears,709,9.1,NA,17,10.9,1985-10-01,2018-05-09,40.37,-106.74,9397,Routt,Jan,-10.5,1992,5672
1992-01-15,Rabbit Ears,709,11.4,NA,39,10.9,1985-10-01,2018-05-09,40.37,-106.74,9397,Routt,Jan,1,1992,5671
1992-06-15,Rabbit Ears,709,0,NA,41,39.1,1985-10-01,2018-05-09,40.37,-106.74,9397,Routt,Jun,19.5,1992,5431
1992-07-01,Rabbit Ears,709,0,NA,-23,45.9,1985-10-01,2018-05-09,40.37,-106.74,9397,Routt,Jul,-32,1992,5438
1992-09-15,Rabbit Ears,709,0,NA,12,37.4,1985-10-01,2018-05-09,40.37,-106.74,9397,Routt,Sep,-9.5,1992,5475
1992-10-01,Rabbit Ears,709,0,NA,-51,30.5,1985-10-01,2018-05-09,40.37,-106.74,9397,Routt,Oct,-55.5,1992,5624.5
1992-10-15,Rabbit Ears,709,0,NA,-60,30.5,1985-10-01,2018-05-09,40.37,-106.74,9397,Routt,Oct,-60,1992,5624.5
1992-11-01,Rabbit Ears,709,1,NA,-37,19.2,1985-10-01,2018-05-09,40.37,-106.74,9397,Routt,Nov,-48.5,1992,5659
1992-11-15,Rabbit Ears,709,4.1,NA,17,19.2,1985-10-01,2018-05-09,40.37,-106.74,9397,Routt,Nov,6.5,1992,5620.5
1992-12-15,Rabbit Ears,709,6.9,NA,28,9.6,1985-10-01,2018-05-09,40.37,-106.74,9397,Routt,Dec,-3.5,1992,5664
1993-01-01,Rabbit Ears,709,8.5,NA,28,10.9,1985-10-01,2018-05-09,40.37,-106.74,9397,Routt,Jan,8.5,1993,5639
1993-01-15,Rabbit Ears,709,11.7,NA,40,10.9,1985-10-01,2018-05-09,40.37,-106.74,9397,Routt,Jan,-3,1993,5673
1993-03-01,Rabbit Ears,709,20.9,NA,36,16.3,1985-10-01,2018-05-09,40.37,-106.74,9397,Routt,Mar,0.5,1993,5680
2011-05-01,Rabbit Ears,709,50.7,123,91,32.4,1985-10-01,2018-05-09,40.37,-106.74,9397,Routt,May,51.5,2011,5418
1983-10-01,Red Mountain Pass,713,0,NA,2,26.3,1979-10-01,2018-05-09,37.89,-107.71,11198,San Juan,Oct,-4.5,1983,5599.5
1983-11-01,Red Mountain Pass,713,0,NA,13,17,1979-10-01,2018-05-09,37.89,-107.71,11198,San Juan,Nov,4.5,1983,5620.5
1983-11-15,Red Mountain Pass,713,2.1,NA,1,17,1979-10-01,2018-05-09,37.89,-107.71,11198,San Juan,Nov,-6.5,1983,5643
1983-12-01,Red Mountain Pass,713,7.4,NA,1,9.5,1979-10-01,2018-05-09,37.89,-107.71,11198,San Juan,Dec,-5,1983,5633.5
1983-12-15,Red Mountain Pass,713,12.9,NA,1,9.5,1979-10-01,2018-05-09,37.89,-107.71,11198,San Juan,Dec,-5,1983,5633.5
1984-01-01,Red Mountain Pass,713,21.3,NA,7,11.1,1979-10-01,2018-05-09,37.89,-107.71,11198,San Juan,Jan,-2.5,1984,5648.5
1984-01-15,Red Mountain Pass,713,22.3,NA,2,11.1,1979-10-01,2018-05-09,37.89,-107.71,11198,San Juan,Jan,-7.5,1984,5661
1984-02-01,Red Mountain Pass,713,22.1,NA,7,7.2,1979-10-01,2018-05-09,37.89,-107.71,11198,San Juan,Feb,-2.5,1984,5659
1984-02-15,Red Mountain Pass,713,24.3,NA,4,7.2,1979-10-01,2018-05-09,37.89,-107.71,11198,San Juan,Feb,-6,1984,5667
1984-03-01,Red Mountain Pass,713,25.5,NA,6,14.2,1979-10-01,2018-05-09,37.89,-107.71,11198,San Juan,Mar,-3.5,1984,5667.5
1984-03-15,Red Mountain Pass,713,28.7,NA,6,14.2,1979-10-01,2018-05-09,37.89,-107.71,11198,San Juan,Mar,-3,1984,5665.5
1984-04-01,Red Mountain Pass,713,30.5,NA,9,18.8,1979-10-01,2018-05-09,37.89,-107.71,11198,San Juan,Apr,-1,1984,5673
1984-04-15,Red Mountain Pass,713,37.4,NA,9,18.8,1979-10-01,2018-05-09,37.89,-107.71,11198,San Juan,Apr,0.5,1984,5670.5
1984-05-01,Red Mountain Pass,713,42.3,NA,18,28.3,1979-10-01,2018-05-09,37.89,-107.71,11198,San Juan,May,9,1984,5436
1984-05-15,Red Mountain Pass,713,44.5,NA,23,28.3,1979-10-01,2018-05-09,37.89,-107.71,11198,San Juan,May,14,1984,5430
1984-06-01,Red Mountain Pass,713,21.8,NA,18,38.5,1979-10-01,2018-05-09,37.89,-107.71,11198,San Juan,Jun,10.5,1984,5427.5
1984-06-15,Red Mountain Pass,713,2.7,NA,25,38.5,1979-10-01,2018-05-09,37.89,-107.71,11198,San Juan,Jun,16,1984,5422
1984-07-01,Red Mountain Pass,713,0,NA,27,42.5,1979-10-01,2018-05-09,37.89,-107.71,11198,San Juan,Jul,19,1984,5420
1984-07-15,Red Mountain Pass,713,0,NA,27,42.5,1979-10-01,2018-05-09,37.89,-107.71,11198,San Juan,Jul,19,1984,5420
1984-08-01,Red Mountain Pass,713,0,NA,26,40.4,1979-10-01,2018-05-09,37.89,-107.71,11198,San Juan,Aug,18,1984,5431
1984-08-15,Red Mountain Pass,713,0,NA,25,40.4,1979-10-01,2018-05-09,37.89,-107.71,11198,San Juan,Aug,17.5,1984,5431
1984-09-15,Red Mountain Pass,713,0,NA,19,36.3,1979-10-01,2018-05-09,37.89,-107.71,11198,San Juan,Sep,11.5,1984,5459.5
1984-10-01,Red Mountain Pass,713,0,NA,12,26.3,1979-10-01,2018-05-09,37.89,-107.71,11198,San Juan,Oct,5.5,1984,5584
1984-10-15,Red Mountain Pass,713,2.4,NA,7,26.3,1979-10-01,2018-05-09,37.89,-107.71,11198,San Juan,Oct,-1,1984,5596.5
1984-11-01,Red Mountain Pass,713,4.4,NA,10,17,1979-10-01,2018-05-09,37.89,-107.71,11198,San Juan,Nov,2,1984,5625
1984-11-15,Red Mountain Pass,713,5.6,NA,4,17,1979-10-01,2018-05-09,37.89,-107.71,11198,San Juan,Nov,-4,1984,5640
1984-12-01,Red Mountain Pass,713,7.3,NA,5,9.5,1979-10-01,2018-05-09,37.89,-107.71,11198,San Juan,Dec,-3,1984,5633.5
1984-12-15,Red Mountain Pass,713,10.9,NA,3,9.5,1979-10-01,2018-05-09,37.89,-107.71,11198,San Juan,Dec,-4,1984,5633.5
1985-01-01,Red Mountain Pass,713,15.4,NA,5,11.1,1979-10-01,2018-05-09,37.89,-107.71,11198,San Juan,Jan,-5,1985,5656.5
1985-01-15,Red Mountain Pass,713,16.5,NA,2,11.1,1979-10-01,2018-05-09,37.89,-107.71,11198,San Juan,Jan,-6,1985,5654.5
1985-02-01,Red Mountain Pass,713,17.8,NA,-2,7.2,1979-10-01,2018-05-09,37.89,-107.71,11198,San Juan,Feb,-10.5,1985,5671.5
1985-02-15,Red Mountain Pass,713,20.3,NA,7,7.2,1979-10-01,2018-05-09,37.89,-107.71,11198,San Juan,Feb,-2,1985,5655.5
1985-03-01,Red Mountain Pass,713,22.5,NA,7,14.2,1979-10-01,2018-05-09,37.89,-107.71,11198,San Juan,Mar,-1,1985,5662.5
1985-03-15,Red Mountain Pass,713,27.2,NA,6,14.2,1979-10-01,2018-05-09,37.89,-107.71,11198,San Juan,Mar,-2,1985,5664
1985-04-01,Red Mountain Pass,713,33.1,NA,16,18.8,1979-10-01,2018-05-09,37.89,-107.71,11198,San Juan,Apr,6,1985,5668.5
1985-04-15,Red Mountain Pass,713,32.8,NA,13,18.8,1979-10-01,2018-05-09,37.89,-107.71,11198,San Juan,Apr,4.5,1985,5668.5
1985-05-01,Red Mountain Pass,713,35.5,NA,17,28.3,1979-10-01,2018-05-09,37.89,-107.71,11198,San Juan,May,8,1985,5437.5
1985-05-15,Red Mountain Pass,713,31.1,NA,18,28.3,1979-10-01,2018-05-09,37.89,-107.71,11198,San Juan,May,10,1985,5434.5
1985-06-01,Red Mountain Pass,713,10.5,NA,25,38.5,1979-10-01,2018-05-09,37.89,-107.71,11198,San Juan,Jun,16,1985,5422
1985-06-15,Red Mountain Pass,713,0,NA,25,38.5,1979-10-01,2018-05-09,37.89,-107.71,11198,San Juan,Jun,16,1985,5422
1985-07-01,Red Mountain Pass,713,0,NA,29,42.5,1979-10-01,2018-05-09,37.89,-107.71,11198,San Juan,Jul,20,1985,5420
1985-07-15,Red Mountain Pass,713,0,NA,24,42.5,1979-10-01,2018-05-09,37.89,-107.71,11198,San Juan,Jul,17,1985,5422.5
1985-08-01,Red Mountain Pass,713,0,NA,26,40.4,1979-10-01,2018-05-09,37.89,-107.71,11198,San Juan,Aug,17.5,1985,5434
1985-08-15,Red Mountain Pass,713,0,NA,28,40.4,1979-10-01,2018-05-09,37.89,-107.71,11198,San Juan,Aug,18.5,1985,5434
1985-09-01,Red Mountain Pass,713,0,NA,21,36.3,1979-10-01,2018-05-09,37.89,-107.71,11198,San Juan,Sep,13,1985,5457.5
1985-09-15,Red Mountain Pass,713,0,NA,17,36.3,1979-10-01,2018-05-09,37.89,-107.71,11198,San Juan,Sep,10,1985,5462
1986-11-01,Red Mountain Pass,713,5.9,NA,36,17,1979-10-01,2018-05-09,37.89,-107.71,11198,San Juan,Nov,15,1986,5625
1987-04-15,Red Mountain Pass,713,33.9,NA,56,18.8,1979-10-01,2018-05-09,37.89,-107.71,11198,San Juan,Apr,20,1987,5676
1987-05-01,Red Mountain Pass,713,30.1,NA,52,28.3,1979-10-01,2018-05-09,37.89,-107.71,11198,San Juan,May,-4,1987,5453
1987-05-15,Red Mountain Pass,713,20.8,NA,47,28.3,1979-10-01,2018-05-09,37.89,-107.71,11198,San Juan,May,-1,1987,5447
1987-06-01,Red Mountain Pass,713,15.5,NA,60,38.5,1979-10-01,2018-05-09,37.89,-107.71,11198,San Juan,Jun,18.5,1987,5438.5
1987-09-15,Red Mountain Pass,713,0,NA,55,36.3,1979-10-01,2018-05-09,37.89,-107.71,11198,San Juan,Sep,-2.5,1987,5490
1987-10-01,Red Mountain Pass,713,0,NA,52,26.3,1979-10-01,2018-05-09,37.89,-107.71,11198,San Juan,Oct,12.5,1987,5608
1987-10-15,Red Mountain Pass,713,0,NA,39,26.3,1979-10-01,2018-05-09,37.89,-107.71,11198,San Juan,Oct,-10.5,1987,5624.5
1987-11-01,Red Mountain Pass,713,1.1,NA,32,17,1979-10-01,2018-05-09,37.89,-107.71,11198,San Juan,Nov,3,1987,5648
1987-11-15,Red Mountain Pass,713,4,NA,35,17,1979-10-01,2018-05-09,37.89,-107.71,11198,San Juan,Nov,8,1987,5646
1987-12-01,Red Mountain Pass,713,4.9,NA,32,9.5,1979-10-01,2018-05-09,37.89,-107.71,11198,San Juan,Dec,10.5,1987,5633.5
1988-02-15,Red Mountain Pass,713,15.7,NA,38,7.2,1979-10-01,2018-05-09,37.89,-107.71,11198,San Juan,Feb,2,1988,5676
1988-03-01,Red Mountain Pass,713,16.1,NA,31,14.2,1979-10-01,2018-05-09,37.89,-107.71,11198,San Juan,Mar,9,1988,5667.5
1988-03-15,Red Mountain Pass,713,19.8,NA,38,14.2,1979-10-01,2018-05-09,37.89,-107.71,11198,San Juan,Mar,3.5,1988,5676
1988-04-01,Red Mountain Pass,713,21.3,NA,47,18.8,1979-10-01,2018-05-09,37.89,-107.71,11198,San Juan,Apr,12.5,1988,5677
1988-05-15,Red Mountain Pass,713,13.8,NA,49,28.3,1979-10-01,2018-05-09,37.89,-107.71,11198,San Juan,May,27.5,1988,5428.5
1988-09-15,Red Mountain Pass,713,0,NA,54,36.3,1979-10-01,2018-05-09,37.89,-107.71,11198,San Juan,Sep,27,1988,5466
1988-10-01,Red Mountain Pass,713,0,NA,51,26.3,1979-10-01,2018-05-09,37.89,-107.71,11198,San Juan,Oct,22.5,1988,5589
1988-10-15,Red Mountain Pass,713,0,NA,55,26.3,1979-10-01,2018-05-09,37.89,-107.71,11198,San Juan,Oct,25,1988,5586
1988-11-01,Red Mountain Pass,713,0,NA,-58,17,1979-10-01,2018-05-09,37.89,-107.71,11198,San Juan,Nov,-59,1988,5659
1988-11-15,Red Mountain Pass,713,3.3,NA,-60,17,1979-10-01,2018-05-09,37.89,-107.71,11198,San Juan,Nov,-60,1988,5659
1988-12-01,Red Mountain Pass,713,6.4,NA,-60,9.5,1979-10-01,2018-05-09,37.89,-107.71,11198,San Juan,Dec,-60,1988,5667.5
1988-12-15,Red Mountain Pass,713,5.5,NA,-60,9.5,1979-10-01,2018-05-09,37.89,-107.71,11198,San Juan,Dec,-60,1988,5667.5
1989-01-01,Red Mountain Pass,713,10.3,NA,-46,11.1,1979-10-01,2018-05-09,37.89,-107.71,11198,San Juan,Jan,-50.5,1989,5676
1989-01-15,Red Mountain Pass,713,12.7,NA,-60,11.1,1979-10-01,2018-05-09,37.89,-107.71,11198,San Juan,Jan,-60,1989,5678
1989-02-15,Red Mountain Pass,713,19.1,NA,41,7.2,1979-10-01,2018-05-09,37.89,-107.71,11198,San Juan,Feb,-7,1989,5683
1989-03-01,Red Mountain Pass,713,21.8,NA,44,14.2,1979-10-01,2018-05-09,37.89,-107.71,11198,San Juan,Mar,1.5,1989,5681
1992-07-01,Ripple Creek,717,0,NA,-3,43.9,1985-10-01,2018-05-09,40.11,-107.29,10339,Rio Blanco,Jul,-15.5,1992,5436
1992-07-15,Ripple Creek,717,0,NA,-60,43.9,1985-10-01,2018-05-09,40.11,-107.29,10339,Rio Blanco,Jul,-60,1992,5445
1992-08-01,Ripple Creek,717,0,NA,-59,41.9,1985-10-01,2018-05-09,40.11,-107.29,10339,Rio Blanco,Aug,-59.5,1992,5461
1992-08-15,Ripple Creek,717,0,NA,-59,41.9,1985-10-01,2018-05-09,40.11,-107.29,10339,Rio Blanco,Aug,-59.5,1992,5461
1989-07-01,Roach,718,0,NA,60,45.6,1979-10-01,2018-05-09,40.88,-106.05,9699,Larimer,Jul,20.5,1989,5435
1989-07-15,Roach,718,0,NA,70,45.6,1979-10-01,2018-05-09,40.88,-106.05,9699,Larimer,Jul,8,1989,5440
1989-08-01,Roach,718,0,NA,66,39.8,1979-10-01,2018-05-09,40.88,-106.05,9699,Larimer,Aug,28,1989,5446
1990-06-01,Scotch Creek,739,0,NA,61,29.6,1985-10-01,2018-05-09,37.65,-108.01,9099,Dolores,Jun,39.5,1990,5407
1991-06-01,Scotch Creek,739,0,NA,56,29.6,1985-10-01,2018-05-09,37.65,-108.01,9099,Dolores,Jun,35,1991,5411
1991-06-15,Scotch Creek,739,0,NA,59,29.6,1985-10-01,2018-05-09,37.65,-108.01,9099,Dolores,Jun,36,1991,5414.5
1991-07-01,Scotch Creek,739,0,NA,58,30,1985-10-01,2018-05-09,37.65,-108.01,9099,Dolores,Jul,35.5,1991,5415
1991-07-15,Scotch Creek,739,0,NA,59,30,1985-10-01,2018-05-09,37.65,-108.01,9099,Dolores,Jul,36.5,1991,5411.5
1992-06-01,Scotch Creek,739,0,NA,58,29.6,1985-10-01,2018-05-09,37.65,-108.01,9099,Dolores,Jun,36,1992,5411
1992-06-15,Scotch Creek,739,0,NA,58,29.6,1985-10-01,2018-05-09,37.65,-108.01,9099,Dolores,Jun,35.5,1992,5414.5
1992-07-01,Scotch Creek,739,0,NA,58,30,1985-10-01,2018-05-09,37.65,-108.01,9099,Dolores,Jul,35.5,1992,5415
1992-08-01,Scotch Creek,739,0,NA,58,28.5,1985-10-01,2018-05-09,37.65,-108.01,9099,Dolores,Aug,35.5,1992,5429
1993-04-01,Scotch Creek,739,21.2,NA,47,16.8,1985-10-01,2018-05-09,37.65,-108.01,9099,Dolores,Apr,26.5,1993,5649
1993-05-01,Scotch Creek,739,9.2,NA,51,19.2,1985-10-01,2018-05-09,37.65,-108.01,9099,Dolores,May,29.5,1993,5424.5
1993-05-15,Scotch Creek,739,0.4,NA,55,19.2,1985-10-01,2018-05-09,37.65,-108.01,9099,Dolores,May,31.5,1993,5424.5
1993-06-01,Scotch Creek,739,0,NA,55,29.6,1985-10-01,2018-05-09,37.65,-108.01,9099,Dolores,Jun,32,1993,5418.5
1993-06-15,Scotch Creek,739,0,NA,56,29.6,1985-10-01,2018-05-09,37.65,-108.01,9099,Dolores,Jun,32.5,1993,5418.5
1993-07-01,Scotch Creek,739,0,NA,56,30,1985-10-01,2018-05-09,37.65,-108.01,9099,Dolores,Jul,33,1993,5422.5
1993-07-15,Slumgullion,762,0,NA,132,38.8,1979-10-01,2018-05-09,37.99,-107.2,11555,Hinsdale,Jul,60,1993,5432.5
1993-08-01,Slumgullion,762,0,NA,134,37.2,1979-10-01,2018-05-09,37.99,-107.2,11555,Hinsdale,Aug,59.5,1993,5447
1993-08-15,Slumgullion,762,0,NA,120,37.2,1979-10-01,2018-05-09,37.99,-107.2,11555,Hinsdale,Aug,56,1993,5445
1993-09-01,Slumgullion,762,0,NA,142,31.2,1979-10-01,2018-05-09,37.99,-107.2,11555,Hinsdale,Sep,59,1993,5473
1993-09-15,Slumgullion,762,0,NA,118,31.2,1979-10-01,2018-05-09,37.99,-107.2,11555,Hinsdale,Sep,54,1993,5472
1987-04-15,Stump Lakes,797,34.9,NA,-16,18.8,1985-10-01,2018-05-09,37.48,-107.63,11198,San Juan,Apr,-24.5,1987,5680
1987-05-01,Stump Lakes,797,31,NA,-59,28.3,1985-10-01,2018-05-09,37.48,-107.63,11198,San Juan,May,-59.5,1987,5453
1987-05-15,Stump Lakes,797,28.1,NA,-58,28.3,1985-10-01,2018-05-09,37.48,-107.63,11198,San Juan,May,-59,1987,5453
1987-06-01,Stump Lakes,797,26.9,NA,-59,38.5,1985-10-01,2018-05-09,37.48,-107.63,11198,San Juan,Jun,-59.5,1987,5444.5
1987-06-15,Stump Lakes,797,12.6,NA,-60,38.5,1985-10-01,2018-05-09,37.48,-107.63,11198,San Juan,Jun,-60,1987,5444.5
1987-07-01,Stump Lakes,797,0,NA,-60,42.5,1985-10-01,2018-05-09,37.48,-107.63,11198,San Juan,Jul,-60,1987,5445
1987-07-15,Stump Lakes,797,0,NA,18,42.5,1985-10-01,2018-05-09,37.48,-107.63,11198,San Juan,Jul,11,1987,5425.5
1993-08-15,Stump Lakes,797,0,NA,22,40.4,1985-10-01,2018-05-09,37.48,-107.63,11198,San Juan,Aug,12,1993,5438
1993-09-01,Stump Lakes,797,0,NA,-59,36.3,1985-10-01,2018-05-09,37.48,-107.63,11198,San Juan,Sep,-59.5,1993,5490
1993-09-15,Stump Lakes,797,0,NA,-60,36.3,1985-10-01,2018-05-09,37.48,-107.63,11198,San Juan,Sep,-60,1993,5490
1993-10-01,Stump Lakes,797,0,NA,-60,26.3,1985-10-01,2018-05-09,37.48,-107.63,11198,San Juan,Oct,-60,1993,5624.5
1993-10-15,Stump Lakes,797,0.7,NA,-60,26.3,1985-10-01,2018-05-09,37.48,-107.63,11198,San Juan,Oct,-60,1993,5624.5
1993-11-01,Stump Lakes,797,1.1,NA,10,17,1985-10-01,2018-05-09,37.48,-107.63,11198,San Juan,Nov,3,1993,5620.5
1989-02-01,Summit Ranch,802,6.3,NA,-27,13.3,1979-10-01,2018-05-09,39.72,-106.16,9397,Summit,Feb,-31.5,1989,5677
1989-02-15,Summit Ranch,802,9.3,NA,-46,13.3,1979-10-01,2018-05-09,39.72,-106.16,9397,Summit,Feb,-47,1989,5681
1989-03-01,Summit Ranch,802,9.9,NA,-9,16.3,1979-10-01,2018-05-09,39.72,-106.16,9397,Summit,Mar,-15.5,1989,5671.5
1989-09-15,Tower,825,0,NA,57,31.9,1978-10-01,2018-05-09,40.54,-106.68,10496,Routt,Sep,29.5,1989,5464
1989-10-15,Tower,825,0,NA,35,22.2,1978-10-01,2018-05-09,40.54,-106.68,10496,Routt,Oct,14.5,1989,5589
1989-11-01,Tower,825,2.6,NA,28,12.2,1978-10-01,2018-05-09,40.54,-106.68,10496,Routt,Nov,9.5,1989,5634
1989-12-15,Tower,825,18.4,NA,18,2.2,1978-10-01,2018-05-09,40.54,-106.68,10496,Routt,Dec,3.5,1989,5633.5
1991-08-01,Tower,825,0,NA,61,37.4,1978-10-01,2018-05-09,40.54,-106.68,10496,Routt,Aug,32.5,1991,5436.5
1992-11-15,Tower,825,9,NA,22,12.2,1978-10-01,2018-05-09,40.54,-106.68,10496,Routt,Nov,5.5,1992,5638
1993-05-15,Tower,825,65.2,NA,52,25.8,1978-10-01,2018-05-09,40.54,-106.68,10496,Routt,May,31,1993,5420
1993-06-01,Tower,825,47,NA,50,31.9,1978-10-01,2018-05-09,40.54,-106.68,10496,Routt,Jun,31.5,1993,5414.5
1993-06-15,Tower,825,43.9,NA,58,31.9,1978-10-01,2018-05-09,40.54,-106.68,10496,Routt,Jun,31.5,1993,5425.5
1993-07-01,Tower,825,19.6,NA,59,36.4,1978-10-01,2018-05-09,40.54,-106.68,10496,Routt,Jul,36,1993,5415
1993-07-15,Tower,825,0,NA,62,36.4,1978-10-01,2018-05-09,40.54,-106.68,10496,Routt,Jul,29,1993,5428.5
1993-08-01,Tower,825,0,NA,60,37.4,1978-10-01,2018-05-09,40.54,-106.68,10496,Routt,Aug,27,1993,5443.5
1997-04-01,Tower,825,53.6,NA,29,16.7,1978-10-01,2018-05-09,40.54,-106.68,10496,Routt,Apr,17.5,1997,5649
1985-10-15,Trapper Lake,827,0,NA,-11,30.3,1985-10-01,2018-05-09,40,-107.24,9699,Garfield,Oct,-11,1985,5599.5
1987-03-15,Trapper Lake,827,14.5,NA,32,20.4,1985-10-01,2018-05-09,40,-107.24,9699,Garfield,Mar,14.5,1987,5645
1994-04-01,Trapper Lake,827,16.9,NA,40,22.6,1985-10-01,2018-05-09,40,-107.24,9699,Garfield,Apr,-3,1994,5684
1994-04-15,Trapper Lake,827,19.5,NA,47,22.6,1985-10-01,2018-05-09,40,-107.24,9699,Garfield,Apr,-6.5,1994,5688
1994-05-01,Trapper Lake,827,17.8,NA,50,30.2,1985-10-01,2018-05-09,40,-107.24,9699,Garfield,May,-5,1994,5453
1994-05-15,Trapper Lake,827,8.8,NA,51,30.2,1985-10-01,2018-05-09,40,-107.24,9699,Garfield,May,-4.5,1994,5453
1994-06-01,Trapper Lake,827,0,NA,53,37.9,1985-10-01,2018-05-09,40,-107.24,9699,Garfield,Jun,-3.5,1994,5444.5
2005-01-01,Trinchera,829,5.2,25,8,8.3,1988-10-01,2018-05-09,37.35,-105.23,10857,Costilla,Jan,-2,2005,5648.5
2005-03-15,Trinchera,829,12.4,49,18,15.7,1988-10-01,2018-05-09,37.35,-105.23,10857,Costilla,Mar,6.5,2005,5655
2005-04-01,Trinchera,829,15.1,60,27,22,1988-10-01,2018-05-09,37.35,-105.23,10857,Costilla,Apr,13,2005,5666
2005-04-15,Trinchera,829,15.8,48,29,22,1988-10-01,2018-05-09,37.35,-105.23,10857,Costilla,Apr,15.5,2005,5663.5
2005-05-01,Trinchera,829,12.5,34,32,31,1988-10-01,2018-05-09,37.35,-105.23,10857,Costilla,May,17.5,2005,5432.5
2005-05-15,Trinchera,829,8.3,20,45,31,1988-10-01,2018-05-09,37.35,-105.23,10857,Costilla,May,27,2005,5421.5
2005-06-01,Trinchera,829,0,0,43,38.5,1988-10-01,2018-05-09,37.35,-105.23,10857,Costilla,Jun,22.5,2005,5429
2005-06-15,Trinchera,829,0,0,53,38.5,1988-10-01,2018-05-09,37.35,-105.23,10857,Costilla,Jun,30.5,2005,5420
2005-07-01,Trinchera,829,0,0,58,40.1,1988-10-01,2018-05-09,37.35,-105.23,10857,Costilla,Jul,31,2005,5425.5
2005-07-15,Trinchera,829,0,0,59,40.1,1988-10-01,2018-05-09,37.35,-105.23,10857,Costilla,Jul,35.5,2005,5418
2005-08-01,Trinchera,829,0,0,46,41.2,1988-10-01,2018-05-09,37.35,-105.23,10857,Costilla,Aug,25,2005,5436.5
2005-09-15,Trinchera,829,0,0,53,36,1988-10-01,2018-05-09,37.35,-105.23,10857,Costilla,Sep,28.5,2005,5459.5
2005-12-01,Trinchera,829,0.9,6,14,9.6,1988-10-01,2018-05-09,37.35,-105.23,10857,Costilla,Dec,0.5,2005,5644
2005-12-15,Trinchera,829,1.1,9,18,9.6,1988-10-01,2018-05-09,37.35,-105.23,10857,Costilla,Dec,1.5,2005,5650
2006-01-01,Trinchera,829,1.4,8,20,8.3,1988-10-01,2018-05-09,37.35,-105.23,10857,Costilla,Jan,0,2006,5665
2006-01-15,Trinchera,829,1.4,10,21,8.3,1988-10-01,2018-05-09,37.35,-105.23,10857,Costilla,Jan,-2.5,2006,5668
2006-02-01,Trinchera,829,2.2,14,26,11.7,1988-10-01,2018-05-09,37.35,-105.23,10857,Costilla,Feb,1,2006,5673
2006-02-15,Trinchera,829,2.4,14,30,11.7,1988-10-01,2018-05-09,37.35,-105.23,10857,Costilla,Feb,8.5,2006,5662
2006-05-01,Trinchera,829,0,0,41,31,1988-10-01,2018-05-09,37.35,-105.23,10857,Costilla,May,24.5,2006,5424.5
2006-05-15,Trinchera,829,0,1,46,31,1988-10-01,2018-05-09,37.35,-105.23,10857,Costilla,May,22.5,2006,5437.5
1989-01-01,Upper Rio Grande,839,1.5,NA,24,10.9,1985-10-01,2018-05-09,37.72,-107.26,9397,Hinsdale,Jan,6,1989,5648.5
1990-12-15,Upper Rio Grande,839,1.5,NA,20,9.6,1985-10-01,2018-05-09,37.72,-107.26,9397,Hinsdale,Dec,4.5,1990,5633.5
1994-02-01,Upper Rio Grande,839,3.4,NA,34,13.3,1985-10-01,2018-05-09,37.72,-107.26,9397,Hinsdale,Feb,13,1994,5639
2004-02-01,Upper Rio Grande,839,3.9,18,32,13.3,1985-10-01,2018-05-09,37.72,-107.26,9397,Hinsdale,Feb,11.5,2004,5646.5
2013-01-01,Upper Rio Grande,839,0.8,7,44,10.9,1985-10-01,2018-05-09,37.72,-107.26,9397,Hinsdale,Jan,14,2013,5658.5
1984-07-01,Upper San Juan,840,0,NA,36,42.7,1978-10-01,2018-05-09,37.49,-106.84,10198,Mineral,Jul,25,1984,5411.5
1984-07-15,Upper San Juan,840,0,NA,-58,42.7,1978-10-01,2018-05-09,37.49,-106.84,10198,Mineral,Jul,-58,1984,5442
1984-09-01,Upper San Juan,840,0,NA,-39,36.1,1978-10-01,2018-05-09,37.49,-106.84,10198,Mineral,Sep,-40,1984,5481
1984-09-15,Upper San Juan,840,0,NA,-35,36.1,1978-10-01,2018-05-09,37.49,-106.84,10198,Mineral,Sep,-36,1984,5479
1984-10-01,Upper San Juan,840,0,NA,-35,28.4,1978-10-01,2018-05-09,37.49,-106.84,10198,Mineral,Oct,-35.5,1984,5614
1984-10-15,Upper San Juan,840,1.5,NA,-34,28.4,1978-10-01,2018-05-09,37.49,-106.84,10198,Mineral,Oct,-34.5,1984,5613
1984-11-01,Upper San Juan,840,5.8,NA,-24,17.4,1978-10-01,2018-05-09,37.49,-106.84,10198,Mineral,Nov,-26,1984,5649
1985-02-01,Upper San Juan,840,26.8,NA,-18,10.4,1978-10-01,2018-05-09,37.49,-106.84,10198,Mineral,Feb,-18,1985,5669.5
1985-02-15,Upper San Juan,840,30.4,NA,-30,10.4,1978-10-01,2018-05-09,37.49,-106.84,10198,Mineral,Feb,-35.5,1985,5679
2000-10-01,Ute Creek,1005,0,0,-26,27.8,2000-08-01,2018-05-09,37.61,-105.37,10647,Costilla,Oct,-26,2e3,5607
2000-10-15,Ute Creek,1005,0,0,-29,27.8,2000-08-01,2018-05-09,37.61,-105.37,10647,Costilla,Oct,-29,2e3,5609
2000-11-01,Ute Creek,1005,1.4,6,-37,16.2,2000-08-01,2018-05-09,37.61,-105.37,10647,Costilla,Nov,-37,2e3,5654
2000-11-15,Ute Creek,1005,3,14,-34,16.2,2000-08-01,2018-05-09,37.61,-105.37,10647,Costilla,Nov,-34.5,2e3,5653
2000-12-01,Ute Creek,1005,3.1,12,-33,7.7,2000-08-01,2018-05-09,37.61,-105.37,10647,Costilla,Dec,-33.5,2e3,5663
2011-07-01,Ute Creek,1005,0,0,99,40.7,2000-08-01,2018-05-09,37.61,-105.37,10647,Costilla,Jul,-1.5,2011,5453
2007-09-01,Whiskey Ck,857,0,2,22,33.5,1979-10-01,2018-05-09,37.21,-105.12,10217,Las Animas,Sep,11.5,2007,5465
2007-10-01,Whiskey Ck,857,0,1,13,22.8,1979-10-01,2018-05-09,37.21,-105.12,10217,Las Animas,Oct,4,2007,5586
2007-06-01,Wild Basin,1042,0,NA,38,37.3,2002-12-01,2018-05-09,40.2,-105.6,9558,Boulder,Jun,16,2007,5434
2007-11-01,Wild Basin,1042,0.9,1,26,22.2,2002-12-01,2018-05-09,40.2,-105.6,9558,Boulder,Nov,-6,2007,5655
2008-04-15,Wild Basin,1042,15.8,52,47,23.9,2002-12-01,2018-05-09,40.2,-105.6,9558,Boulder,Apr,26,2008,5655
2009-04-01,Wild Basin,1042,14.4,50,1,23.9,2002-12-01,2018-05-09,40.2,-105.6,9558,Boulder,Apr,-33.5,2009,5689
2009-04-15,Wild Basin,1042,14.2,45,10,23.9,2002-12-01,2018-05-09,40.2,-105.6,9558,Boulder,Apr,-21.5,2009,5686
2009-05-01,Wild Basin,1042,15.3,44,41,30.6,2002-12-01,2018-05-09,40.2,-105.6,9558,Boulder,May,21.5,2009,5434.5
2009-07-01,Wild Basin,1042,0,117,66,47.7,2002-12-01,2018-05-09,40.2,-105.6,9558,Boulder,Jul,31,2009,5428.5
2009-07-15,Wild Basin,1042,0,NA,59,47.7,2002-12-01,2018-05-09,40.2,-105.6,9558,Boulder,Jul,10,2009,5437
2009-08-01,Wild Basin,1042,0,1,12,47.1,2002-12-01,2018-05-09,40.2,-105.6,9558,Boulder,Aug,-24,2009,5461
2009-08-15,Wild Basin,1042,0,0,3,47.1,2002-12-01,2018-05-09,40.2,-105.6,9558,Boulder,Aug,-33.5,2009,5466.5
2009-09-01,Wild Basin,1042,0,0,-43,40.7,2002-12-01,2018-05-09,40.2,-105.6,9558,Boulder,Sep,-58,2009,5496
2009-09-15,Wild Basin,1042,0,0,8,40.7,2002-12-01,2018-05-09,40.2,-105.6,9558,Boulder,Sep,-13,2009,5478
2011-11-15,Wild Basin,1042,3.1,13,6,22.2,2002-12-01,2018-05-09,40.2,-105.6,9558,Boulder,Nov,-2,2011,5635.5
2012-01-15,Wild Basin,1042,6.6,23,18,14,2002-12-01,2018-05-09,40.2,-105.6,9558,Boulder,Jan,-2,2012,5666
2012-02-01,Wild Basin,1042,8.8,32,9,11.6,2002-12-01,2018-05-09,40.2,-105.6,9558,Boulder,Feb,-18,2012,5680
2012-02-15,Wild Basin,1042,10.8,39,13,11.6,2002-12-01,2018-05-09,40.2,-105.6,9558,Boulder,Feb,-13.5,2012,5678
2012-05-15,Wild Basin,1042,0,0,30,30.6,2002-12-01,2018-05-09,40.2,-105.6,9558,Boulder,May,5,2012,5442
1993-11-15,Willow Creek Pass,869,2.6,NA,25,6.7,1978-10-01,2018-05-09,40.35,-106.09,9538,Grand,Nov,11,1993,5614.5
1997-04-01,Willow Creek Pass,869,17.9,NA,32,16.9,1978-10-01,2018-05-09,40.35,-106.09,9538,Grand,Apr,19,1997,5649
2002-02-01,Willow Creek Pass,869,4.8,NA,27,3.7,1978-10-01,2018-05-09,40.35,-106.09,9538,Grand,Feb,9,2002,5646.5
2004-02-01,Willow Creek Pass,869,6.2,NA,20,3.7,1978-10-01,2018-05-09,40.35,-106.09,9538,Grand,Feb,5,2004,5652
1991-09-15,Willow Park,870,0,NA,101,31.6,1979-10-01,2018-05-09,40.43,-105.73,10696,Larimer,Sep,49,1991,5468
1991-10-01,Willow Park,870,0,NA,102,23.6,1979-10-01,2018-05-09,40.43,-105.73,10696,Larimer,Oct,48,1991,5589
1991-10-15,Willow Park,870,0,NA,78,23.6,1979-10-01,2018-05-09,40.43,-105.73,10696,Larimer,Oct,35,1991,5593.5
1991-11-01,Willow Park,870,1,NA,64,11.2,1979-10-01,2018-05-09,40.43,-105.73,10696,Larimer,Nov,28.5,1991,5628
1991-11-15,Willow Park,870,3.6,NA,49,11.2,1979-10-01,2018-05-09,40.43,-105.73,10696,Larimer,Nov,20.5,1991,5631.5
1991-12-01,Willow Park,870,7.1,NA,65,2.1,1979-10-01,2018-05-09,40.43,-105.73,10696,Larimer,Dec,25.5,1991,5646.5
1991-12-15,Willow Park,870,7.7,NA,76,2.1,1979-10-01,2018-05-09,40.43,-105.73,10696,Larimer,Dec,29,1991,5653.5
1992-01-01,Willow Park,870,7.3,NA,63,2.1,1979-10-01,2018-05-09,40.43,-105.73,10696,Larimer,Jan,23,1992,5661
1992-01-15,Willow Park,870,8.6,NA,70,2.1,1979-10-01,2018-05-09,40.43,-105.73,10696,Larimer,Jan,27,1992,5658.5
1992-02-01,Willow Park,870,8.8,NA,77,5.7,1979-10-01,2018-05-09,40.43,-105.73,10696,Larimer,Feb,29,1992,5671.5
1992-02-15,Willow Park,870,9.6,NA,84,5.7,1979-10-01,2018-05-09,40.43,-105.73,10696,Larimer,Feb,33,1992,5669.5
1992-03-01,Willow Park,870,10.5,NA,91,10.8,1979-10-01,2018-05-09,40.43,-105.73,10696,Larimer,Mar,38.5,1992,5669.5
1992-03-15,Willow Park,870,13,NA,95,10.8,1979-10-01,2018-05-09,40.43,-105.73,10696,Larimer,Mar,36,1992,5673
1992-04-01,Willow Park,870,16.1,NA,103,17.9,1979-10-01,2018-05-09,40.43,-105.73,10696,Larimer,Apr,44.5,1992,5675
1992-04-15,Willow Park,870,14.4,NA,109,17.9,1979-10-01,2018-05-09,40.43,-105.73,10696,Larimer,Apr,48.5,1992,5674
1992-05-01,Willow Park,870,11.9,NA,120,25.8,1979-10-01,2018-05-09,40.43,-105.73,10696,Larimer,May,56.5,1992,5439
1992-05-15,Willow Park,870,1.1,NA,110,25.8,1979-10-01,2018-05-09,40.43,-105.73,10696,Larimer,May,47,1992,5440
1992-06-01,Willow Park,870,0,NA,112,34.3,1979-10-01,2018-05-09,40.43,-105.73,10696,Larimer,Jun,51.5,1992,5436
1992-06-15,Willow Park,870,0,NA,131,34.3,1979-10-01,2018-05-09,40.43,-105.73,10696,Larimer,Jun,62,1992,5435
1992-07-01,Willow Park,870,0,NA,110,38.8,1979-10-01,2018-05-09,40.43,-105.73,10696,Larimer,Jul,51.5,1992,5430
1997-04-01,Willow Park,870,23.3,NA,31,17.9,1979-10-01,2018-05-09,40.43,-105.73,10696,Larimer,Apr,18.5,1997,5649
1990-02-15,Wolf Creek Summit,874,8.4,NA,12,17,1985-10-01,2018-05-09,37.48,-106.8,10998,Mineral,Feb,0.5,1990,5655.5
1990-03-01,Wolf Creek Summit,874,10.9,NA,-17,20.2,1985-10-01,2018-05-09,37.48,-106.8,10998,Mineral,Mar,-25,1990,5679
1990-03-15,Wolf Creek Summit,874,16.3,NA,-4,20.2,1985-10-01,2018-05-09,37.48,-106.8,10998,Mineral,Mar,-16,1990,5674
1990-04-01,Wolf Creek Summit,874,19,NA,-26,24.1,1985-10-01,2018-05-09,37.48,-106.8,10998,Mineral,Apr,-34.5,1990,5682
1990-04-15,Wolf Creek Summit,874,21.7,NA,-54,24.1,1985-10-01,2018-05-09,37.48,-106.8,10998,Mineral,Apr,-56,1990,5687
1990-05-01,Wolf Creek Summit,874,28.9,NA,-51,31.5,1985-10-01,2018-05-09,37.48,-106.8,10998,Mineral,May,-55.5,1990,5453
1990-05-15,Wolf Creek Summit,874,29.3,NA,7,31.5,1985-10-01,2018-05-09,37.48,-106.8,10998,Mineral,May,-5.5,1990,5441
1990-08-01,Wolf Creek Summit,874,0,NA,-29,43.1,1985-10-01,2018-05-09,37.48,-106.8,10998,Mineral,Aug,-44.5,1990,5461
1990-08-15,Wolf Creek Summit,874,0,NA,-22,43.1,1985-10-01,2018-05-09,37.48,-106.8,10998,Mineral,Aug,-27.5,1990,5450
2007-12-15,Wolf Creek Summit,874,18.7,78,22,12.9,1985-10-01,2018-05-09,37.48,-106.8,10998,Mineral,Dec,1.5,2007,5656
